Photo Filename,Photo Caption
photos/5F2A3284-E522-4B68-A193-8C762F8041CC.jpg,""
photos/37A63858-7FE1-4A73-A5ED-8A23264C77C5.jpg,""
photos/AB5FAA79-C872-4D32-AD5A-1D093995B222.jpg,""
photos/940D5149-3A30-4E42-B03D-7F536DCCB69E.jpg,""
photos/bea0ea86-54bd-4fec-b318-34d2cc60b8d0.jpg,""
photos/85D0C91D-E097-473D-8031-580BD5860127.jpg,""
photos/E0D3FE03-09DA-48A6-9D60-297455846C22.jpg,""
photos/0A4CB305-3F89-42E0-B952-60C219C291DE.jpg,""
photos/6D430EF3-872F-4166-B087-BCDB2FCA4C74.jpg,""
photos/002E0182-766D-40EB-885F-F6B9EEE046F2.jpg,""
photos/9087316E-F329-4F6F-AAE6-5EFB55B77BBC.jpg,""
photos/A8D40A24-B3F9-40E2-8B8C-80D89FB4BFE1.jpg,""
photos/0DCEA843-D7A8-4728-B4B6-41D1E8AE07CA.jpg,""
photos/EDE7DF2B-2DDF-4BE6-BCEB-BFE8DC55AF3F.jpg,""
